INSERT INTO mountains (mountain_name, location, review_id) 
VALUES ('Aspen Snowmass', 'Colorado, USA', 1), 
('Arapahoe Basin', 'Colorado, USA', 2),
('Jackson Hole Mountain Resort', 'Wyoming, USA', 3),
('Big Sky Resort', 'Montana, USA', 4),
('Sun Valley', 'Idaho, USA', 5),
('Killington-Pico', 'Vermont, USA', 6),
('Windham Mountain Club', 'New York, USA', 7),
('The Highlands', 'Michigan, USA', 8),
('Boyne Mountain', 'Michigan, USA', 9),
('Alyeska Resort', 'Alaska, USA', 10),
('The Summit at Snoqualmie', 'Washington, USA', 11),
('Mt. Bachelor', 'Oregon, USA', 12),
('SkiBig3', 'Alberta, Canada', 13),
('Revelstoke Mountain Resort', 'British Columbia, Canada', 14),
('Cypress Mountain', 'British Columbia, Canada', 15),
('Red Mountain', 'British Columbia, Canada', 16),
('Panorama', 'British Columbia, Canada', 17),
('Sun Peaks Resort', 'British Columbia, Canada', 18),
('Sunday River', 'Maine, USA', 19),
('Sugarloaf', 'Maine, USA', 20),
('Loon Mountain', 'New Hampshire, USA', 21),
('Taos Ski Valley', 'New Mexico, USA', 22),
('Deer Valley Resort', 'Utah, USA', 23),
('Brighton', 'Utah, USA', 24),
('Alta Ski Area', 'Utah, USA', 25),
('Snowbird', 'Utah, USA', 26),
('Snowbasin', 'Utah, USA', 27),
('Camelback Resort', 'Pennsylvania, USA', 28),
('Blue Mountain Resort', 'Pennsylvania, USA', 29),
('Chamonix Mont-Blanc Valley', 'France', 30),
('Dolomiti Superski', 'Italy', 31),
('Grandvalira Resorts', 'Andorra', 32),
('Kitzbühel', 'Austria', 33),
('Zermatt Matterhorn', 'Switzerland', 34),
('Thredbo', 'Australia', 35),
('Mt Buller', 'Australia', 36),
('Coronet Peak, The Remarkables & Mt Hutt', 'New Zealand', 37),
('Niseko United', 'Japan', 38),
('Arai Snow Resort', 'Japan', 39),
('Valle Nevado', 'Chile', 40);

insert into user (username, email, password) 
values ('hhawksley0', 'hsiemianowicz0@blogspot.com', 'Eskilstuna'),
('ojarnell1', 'osille1@usa.gov', 'Baitashan'),
('dhackwell2', 'dbillinge2@oracle.com', 'Tikiw'),
('ckelland3', 'chaxell3@upenn.edu', 'Singajaya'),
('efontaine4', 'emaseres4@statcounter.com', 'Magugu'),
('rgant5', 'riannitti5@t-online.de', 'Xinshao'),
('fbeckhouse6', 'fdunge6@berkeley.edu', 'Zheleznodorozhnyy');

INSERT INTO review (review_id, description, rating) 
VALUES (1, 'Fantastic skiing experience with breathtaking views.', 9),
(2, 'Great snow conditions and excellent facilities.', 7),
(3, 'Challenging terrain and friendly atmosphere.', 6),
(4, 'Amazing powder days and diverse runs.', 8),
(5, 'World-class skiing with steep terrain and stunning scenery.', 9),
(6, 'Unforgettable experience with expertly groomed slopes.', 8),
(7, 'Massive resort with endless trails and minimal crowds.', 6),
(8, 'Great variety of terrain and reliable snow conditions.', 7),
(9, 'Beautiful resort with luxurious amenities and family-friendly atmosphere.', 8),
(10, 'Excellent ski school and charming village.', 6),
(11, 'Diverse terrain and vibrant après-ski scene.', 7),
(12, 'Long ski season with plenty of snowfall.', 8),
(13, 'Great for families and beginners with helpful staff.', 7),
(14, 'Well-maintained slopes and picturesque views.', 9),
(15, 'Good variety of runs and friendly atmosphere.', 7),
(16, 'Affordable lift tickets and cozy lodges.', 6),
(17, 'Family-friendly resort with fun activities off the slopes.', 8),
(18, 'Plenty of dining options and convenient lodging.', 7),
(19, 'Incredible views and excellent powder skiing.', 9),
(20, 'Remote location with challenging terrain.', 5),
(21, 'Convenient location and great for beginners.', 8),
(22, 'Family-friendly resort with varied terrain.', 8),
(23, 'Spectacular views and excellent snow conditions.', 9),
(24, 'Wide range of runs and friendly staff.', 8),
(25, 'Beautiful scenery and challenging terrain.', 8),
(26, 'Efficient lifts and well-groomed slopes.', 8),
(27, 'Steep terrain and epic powder days.', 9),
(28, 'Huge vertical drop and minimal lift lines.', 8),
(29, 'Great night skiing and beautiful views of Vancouver.', 7),
(30, 'Variety of terrain and convenient location.', 6),
(31, 'Uncrowded slopes and excellent tree skiing.', 8),
(32, 'Authentic vibe and challenging terrain.', 9),
(33, 'Panoramic views and excellent ski-in/ski-out accommodations.', 9),
(34, 'Varied terrain and friendly atmosphere.', 8),
(35, 'Family-friendly resort with good amenities.', 7),
(36, 'Lively village atmosphere and well-groomed runs.', 8),
(37, 'Skiing paradise with pristine slopes and cozy lodges.', 9),
(38, 'Scenic resort with excellent snow conditions and top-notch facilities.', 8),
(39, 'Friendly staff and challenging terrain make it a great experience.', 7),
(40, 'Perfect destination for powder enthusiasts with vast ski areas.', 9),
(41, 'Well-organized resort with fantastic views and varied trails.', 8),
(42, 'Family-friendly atmosphere with plenty of activities for all ages.', 7),
(43, 'Quaint resort with charming village and beautiful mountain vistas.', 8),
(44, 'Great value for money with affordable lift tickets and accommodations.', 6),
(45, 'Spectacular scenery and thrilling runs make it a memorable trip.', 9),
(46, 'Excellent grooming and wide slopes suitable for all skill levels.', 8),
(47, 'Authentic alpine experience with friendly locals and delicious food.', 7),
(48, 'Charming resort with cozy lodges and breathtaking mountain views.', 8),
(49, 'Excellent snow conditions and well-maintained facilities.', 9),
(50, 'Wide range of terrain options with something for everyone.', 8),
(51, 'Family-friendly environment with fun activities both on and off the slopes.', 7),
(52, 'Picturesque resort with stunning natural surroundings.', 8),
(53, 'Well-designed trails and efficient lift system.', 8),
(54, 'Exciting terrain parks and thrilling off-piste opportunities.', 9),
(55, 'Friendly atmosphere and helpful staff enhance the overall experience.', 8),
(56, 'Beautiful mountain scenery and well-groomed slopes.', 8),
(57, 'Excellent après-ski options and vibrant nightlife.', 9),
(58, 'Adventure awaits with challenging terrain and stunning backcountry.', 8),
(59, 'Cosy atmosphere and welcoming locals make it a great destination.', 7),
(60, 'Top-notch amenities and luxurious accommodations.', 8),
(61, 'Exciting ski runs and breathtaking mountain views.', 9),
(62, 'Relaxed atmosphere with excellent facilities and dining options.', 8),
(63, 'Excellent ski school and beginner-friendly slopes.', 8),
(64, 'Thrilling backcountry skiing and scenic mountain vistas.', 9),
(65, 'Family-friendly resort with activities for all ages.', 8),
(66, 'Challenging terrain and exciting off-piste opportunities.', 8),
(67, 'Spectacular views and well-maintained slopes.', 9),
(68, 'Friendly locals and welcoming atmosphere.', 8),
(69, 'Convenient location with easy access to amenities and attractions.', 8),
(70, 'Exciting trails and vibrant après-ski scene.', 9),
(71, 'Beautiful mountain scenery and peaceful surroundings.', 8),
(72, 'Excellent snow conditions and varied terrain.', 8),
(73, 'Friendly staff and excellent customer service.', 9),
(74, 'Cosy lodges and charming village.', 8),
(75, 'Scenic chairlift rides and stunning panoramic views.', 8),
(76, 'Thrilling ski runs and challenging terrain.', 9),
(77, 'Family-friendly resort with activities for all ages.', 8),
(78, 'Welcoming atmosphere and helpful staff.', 8),
(79, 'Excellent dining options and après-ski activities.', 9),
(80, 'Spectacular mountain views and pristine snow conditions.', 8);

INSERT INTO mountain_to_review (mountain_name, review_id)
VALUES ('ASPEN SNOWMASS, CO', 1),
('ASPEN SNOWMASS, CO', 2),
('ARAPAHOE BASIN, CO', 3),
('ARAPAHOE BASIN, CO', 4),
('JACKSON HOLE MOUNTAIN RESORT, WY', 5),
('JACKSON HOLE MOUNTAIN RESORT, WY', 6),
('BIG SKY RESORT, MT', 7),
('BIG SKY RESORT, MT', 8),
('SUN VALLEY, ID', 9),
('SUN VALLEY, ID', 10),
('KILLINGTON-PICO, VT', 11),
('KILLINGTON-PICO, VT', 12),
('WINDHAM MOUNTAIN CLUB, NY', 13),
('WINDHAM MOUNTAIN CLUB, NY', 14),
('THE HIGHLANDS, MI', 15),
('THE HIGHLANDS, MI', 16),
('BOYNE MOUNTAIN, MI', 17),
('BOYNE MOUNTAIN, MI', 18),
('ALYESKA RESORT, AK', 19),
('ALYESKA RESORT, AK', 20),
('THE SUMMIT AT SNOQUALMIE, WA', 21),
('THE SUMMIT AT SNOQUALMIE, WA', 22),
('MT. BACHELOR, OR', 23),
('MT. BACHELOR, OR', 24),
('SKIBIG3, AB', 25),
('SKIBIG3, AB', 26),
('REVELSTOKE MOUNTAIN RESORT, BC', 27),
('REVELSTOKE MOUNTAIN RESORT, BC', 28),
('CYPRESS MOUNTAIN, BC', 29),
('CYPRESS MOUNTAIN, BC', 30),
('RED MOUNTAIN, BC', 31),
('RED MOUNTAIN, BC', 32),
('PANORAMA, BC', 33),
('PANORAMA, BC', 34),
('SUN PEAKS RESORT, BC', 35),
('SUN PEAKS RESORT, BC', 36),
('SUNDAY RIVER, ME', 37),
('SUNDAY RIVER, ME', 38),
('SUGARLOAF, ME', 39),
('SUGARLOAF, ME', 40),
('LOON MOUNTAIN, NH', 41),
('LOON MOUNTAIN, NH', 42),
('TAOS SKI VALLEY, NM', 43),
('TAOS SKI VALLEY, NM', 44),
('DEER VALLEY RESORT, UT', 45),
('DEER VALLEY RESORT, UT', 46),
('BRIGHTON, UT', 47),
('BRIGHTON, UT', 48),
('ALTA SKI AREA, UT', 49),
('ALTA SKI AREA, UT', 50),
('SNOWBIRD, UT', 51),
('SNOWBIRD, UT', 52),
('SNOWBASIN, UT', 53),
('SNOWBASIN, UT', 54),
('CAMELBACK RESORT, PA', 55),
('CAMELBACK RESORT, PA', 56),
('BLUE MOUNTAIN RESORT, PA', 57),
('BLUE MOUNTAIN RESORT, PA', 58),
('CHAMONIX MONT-BLANC VALLEY, FRANCE', 59),
('CHAMONIX MONT-BLANC VALLEY, FRANCE', 60),
('DOLOMITI SUPERSKI, ITALY', 61),
('DOLOMITI SUPERSKI, ITALY', 62),
('GRANDVALIRA RESORTS, ANDORRA', 63),
('GRANDVALIRA RESORTS, ANDORRA', 64),
('KITZBÜHEL, AUSTRIA', 65),
('KITZBÜHEL, AUSTRIA', 66),
('ZERMATT MATTERHORN, SWITZERLAND', 67),
('ZERMATT MATTERHORN, SWITZERLAND', 68),
('THREDBO, AUSTRALIA', 69),
('THREDBO, AUSTRALIA', 70),
('MT BULLER, AUSTRALIA', 71),
('MT BULLER, AUSTRALIA', 72),
('CORONET PEAK, NEW ZEALAND', 73),
('CORONET PEAK, NEW ZEALAND', 74),
('THE REMARKABLES, NEW ZEALAND', 75),
('THE REMARKABLES, NEW ZEALAND', 76),
('MT HUTT, NEW ZEALAND', 77),
('MT HUTT, NEW ZEALAND', 78),
('NISEKO UNITED, JAPAN', 79),
('NISEKO UNITED, JAPAN', 80);

INSERT INTO ski_day (ski_day_id, mountain_name, top_speed)
VALUES 
(1, 'ASPEN SNOWMASS, CO', 45),
(2, 'ARAPAHOE BASIN, CO', 50),
(3, 'JACKSON HOLE MOUNTAIN RESORT, WY', 55),
(4, 'BIG SKY RESORT, MT', 48),
(5, 'SUN VALLEY, ID', 42),
(6, 'KILLINGTON-PICO, VT', 40),
(7, 'WINDHAM MOUNTAIN CLUB, NY', 38),
(8, 'THE HIGHLANDS, MI', 35),
(9, 'BOYNE MOUNTAIN, MI', 30),
(10, 'ALYESKA RESORT, AK', 47),
(11, 'THE SUMMIT AT SNOQUALMIE, WA', 40),
(12, 'MT. BACHELOR, OR', 50),
(13, 'SKIBIG3, AB', 45),
(14, 'REVELSTOKE MOUNTAIN RESORT, BC', 55),
(15, 'CYPRESS MOUNTAIN, BC', 38),
(16, 'RED MOUNTAIN, BC', 40),
(17, 'PANORAMA, BC', 42),
(18, 'SUN PEAKS RESORT, BC', 43),
(19, 'SUNDAY RIVER, ME', 36),
(20, 'SUGARLOAF, ME', 34),
(21, 'LOON MOUNTAIN, NH', 32),
(22, 'TAOS SKI VALLEY, NM', 47),
(23, 'DEER VALLEY RESORT, UT', 48),
(24, 'BRIGHTON, UT', 38),
(25, 'ALTA SKI AREA, UT', 42),
(26, 'SNOWBIRD, UT', 45),
(27, 'SNOWBASIN, UT', 46),
(28, 'CAMELBACK RESORT, PA', 35);

INSERT INTO user_to_ski_day (username, ski_day_id)
VALUES (hhawksley0, 1),
(hhawksley0, 2),
(hhawksley0, 3),
(hhawksley0, 4),
(ojarnell1, 5),
(ojarnell1, 6),
(ojarnell1, 7),
(ojarnell1, 8),
(dhackwell2, 9),
(dhackwell2, 10),
(dhackwell2, 11),
(dhackwell2, 12),
(ckelland3, 13),
(ckelland3, 14),
(ckelland3, 15),
(ckelland3, 16),
(efontaine4, 17),
(efontaine4, 18),
(efontaine4, 19),
(efontaine4, 20),
(rgant5, 21),
(rgant5, 22),
(rgant5, 23),
(rgant5, 24),
(fbeckhouse6, 25),
(fbeckhouse6, 26),
(fbeckhouse6, 27),
(fbeckhouse6, 28);